{
  "offset": [
    0,
    0,
    170
  ],
  "scale": 1.0,
  "rotation": [
    [
      1.0,
      0.0,
      0.0
    ],
    [
      0.0,
      1.0,
      0.0
    ],
    [
      0.0,
      0.0,
      1.0
    ]
  ],
  "warp_matrix": [
    [
      1.5413141909402515,
      -0.12726447448130518,
      -252.04022146164263
    ],
    [
      -0.12354350671053739,
      1.882567721303428,
      -240.05679958683245
    ],
    [
      -0.00040748010399690077,
      -0.0001988507413770393,
      1.0
    ]
  ],
  "inverse_warp_matrix": [
    [
      0.6357907965712455,
      0.06146523178807947,
      175.0
    ],
    [
      0.07670447464929146,
      0.49849613686534217,
      139.0
    ],
    [
      0.00027432484155807165,
      0.00012417218543046358,
      1.0
    ]
  ]
}